revision	606918eb73daefcc235a261fce879bf910f2471e
generated/traces/masks.tsv	generated/traces/masks.tsv	ef667b442aaee5ee07b9ea2cd71c4fe4731481cd
generated/traces/deferred/deferredDoubleComplete.tsv	generated/traces/deferred/deferredDoubleComplete.tsv	acffcef8e3305a18d7b85b6f62f5679a6b66c5d0
generated/traces/deferred/deferredFailAwait.tsv	generated/traces/deferred/deferredFailAwait.tsv	1ce00755b486553874bb444b2e4b1af0ea1bdea0
generated/traces/deferred/deferredPendingAwait.tsv	generated/traces/deferred/deferredPendingAwait.tsv	48fe704e3b9e13d2bef40fa28953af3fe845e23b
generated/traces/deferred/deferredPollPending.tsv	generated/traces/deferred/deferredPollPending.tsv	17457db80c2f2ed4d9ad6753abb3b56c3256c866
generated/traces/deferred/deferredSucceedAwait.tsv	generated/traces/deferred/deferredSucceedAwait.tsv	b24fa31a0afe17c694f12b27fdcb02b6b41a869c
generated/traces/deferred/deferredTwoHandles.tsv	generated/traces/deferred/deferredTwoHandles.tsv	412774d6ecfcc0d871ff20239370555147510790
generated/traces/layer/buildMemo.tsv	generated/traces/layer/buildMemo.tsv	06389f82e0feb05e684a06e05f7095a68c840222
generated/traces/layer/buildOnce.tsv	generated/traces/layer/buildOnce.tsv	7bbacae963c99d5199ed20d41680dfd77a79aa1c
generated/traces/layer/freshRebuild.tsv	generated/traces/layer/freshRebuild.tsv	8a341d6fa6fc5bb06bec0e7b2e94701120f547e4
generated/traces/layer/freshRegion.tsv	generated/traces/layer/freshRegion.tsv	a122714bd6a9ed383c3f46d4cec1c8de46979394
generated/traces/layer/freshRelease.tsv	generated/traces/layer/freshRelease.tsv	b1067a38066353a2bf0b2c51c656b4f4e1e4ca38
generated/traces/layer/rebuildAfterClose.tsv	generated/traces/layer/rebuildAfterClose.tsv	61f2ce0f6a4e46340272f80ee34641f01ad31a34
generated/traces/layer/releaseOrder.tsv	generated/traces/layer/releaseOrder.tsv	4ab3f6c4b9e9e5768f80d24281c3dceffe0d0c27
generated/traces/layer/scopedRelease.tsv	generated/traces/layer/scopedRelease.tsv	4708131c3702b244af97e14b081efccd0030b449
generated/traces/ref/getAndSetOld.tsv	generated/traces/ref/getAndSetOld.tsv	260c63a7e2a2e61aedf1ee3423576a49253faa9e
generated/traces/ref/makeGet.tsv	generated/traces/ref/makeGet.tsv	063c2891f4ca5289a0fbeaa2c2d5a30cbd3d4027
generated/traces/ref/modifyOld.tsv	generated/traces/ref/modifyOld.tsv	ce42b5df56eafdcf046b1b931a13093b695488af
generated/traces/ref/setGet.tsv	generated/traces/ref/setGet.tsv	3378c074e8aee566e0104517b6398bbf358e7386
generated/traces/ref/takeUnderflow.tsv	generated/traces/ref/takeUnderflow.tsv	a5bee24e68f83d0b509e144bd61ac9eab7d959a8
generated/traces/ref/twoRefs.tsv	generated/traces/ref/twoRefs.tsv	1a74405d64ff24323a8ff991bba6faa7d7662922
generated/traces/ref/updateTwice.tsv	generated/traces/ref/updateTwice.tsv	d5651e113781dd37bb440c08854a6bbc298d1eb0
generated/traces/scope/addAfterClosed.tsv	generated/traces/scope/addAfterClosed.tsv	d6b1e2d505bd3be23d1b4c33d8277798850aef08
generated/traces/scope/closeTwice.tsv	generated/traces/scope/closeTwice.tsv	e7cbe7c29be42bf68a259ab636b6f918c27dc2f3
generated/traces/scope/lifo.tsv	generated/traces/scope/lifo.tsv	bad126a1aa8fe98b4ae8a4c570b4856a92059467
generated/traces/scope/remove.tsv	generated/traces/scope/remove.tsv	bf53d64571e45782cad183cdba1dde3691a3f23c
generated/harness-trace/fibers-fixture.stub.ts	harness/trace/fibers-fixture.stub.ts	e909f699768447f6ace5e09d6d3e99d8f41fd1ae
generated/harness-trace/ref-fixture.ts	harness/trace/ref-fixture.ts	27021d0ffdc51e653ba2e6a31018145ba128461a
generated/harness-trace/deferred-fixture.ts	harness/trace/deferred-fixture.ts	0ccfaeca5bc0ce3331a8889f11e77d2d751bcdae
generated/harness-trace/scope-fixture.ts	harness/trace/scope-fixture.ts	27a674c0c7d207b24189bff8683dec58dc147358
generated/harness-trace/layer-fixture.ts	harness/trace/layer-fixture.ts	8d0be134642601fa7d3c9dee91e31443245c6b1d
