source_path	bytes	sha256	git_blob
.staging/agent-reports/2026-08-31-effect-core-layer-design.md	46463	7338063c1d1277a7dfa52129a4ab69af153affee158dd203bcc0722abcd9e3ec	-
.staging/agent-reports/2026-08-31-effect-core-s1-slice.md	42469	d870f81454df29c32f3fb16926010c91df9e0aaf6f86cb8fe252ed08f230e3a2	-
.staging/agent-reports/2026-08-31-effect-core-s2-slice.md	41630	2324ad78f58504263531eae170ffd57cb9b439532ea700e54803924fafe9f35d	-
.staging/effect-core-v1/workshop/layer/ScopeLayer.lean	60300	ea04c6f4bfaf23b820d97f5aa9f5970df6d9c02940752741874f73fc4361f468	-
.staging/effect-core-v1/workshop/layer/converge-A.lean	18033	3fbcf7db12b69086d0dd3fbe33aa496062368063610352c1f0e085ed43f6daa9	-
.staging/effect-core-v1/workshop/layer/converge-D.lean	11495	1899502e3340356fb0d213232af4f25d9879c3fa2488279bcb8fcc8f01fc182d	-
.staging/effect-core-v1/workshop/layer/converge-E.lean	18698	c1e8b389b953991507623bbc43b13e3aaa0b82c265f6e55883db8a47126ecacc	-
.staging/effect-core-v1/workshop/layer/converge-position-B.lean	17356	d72952f34be892cc92f7c01b4ab364fe22f55ed68839b3fe671a07513e878e39	-
.staging/effect-core-v1/workshop/layer/ground-estate.md	27314	a656a6e91558cb85dd2794c31538ea9fe296fbc914b6626794a58b648017a385	-
.staging/effect-core-v1/workshop/layer/ground-literature.md	54795	8559b700fbaee2086c1407ca0e1a6993661ad0a1f1de20712b99b9e5b59db9b1	-
.staging/effect-core-v1/workshop/layer/ground-requirements.md	48203	31c0d7f6a7e017f32fd57a76215276b812dadaf5c3206b4ffd7d2029afb3f417	-
.staging/effect-core-v1/workshop/layer/judge-A — "layer-is-a-program", developed to its breaking point.lean	7986	c9fec3ea7fa124cbc8d588cfd8517aa6a3462ce72f4b2ed01a51596a92799586	-
.staging/effect-core-v1/workshop/layer/judge-C — layer-is-a-handler-transformer (repaired: transformer IN the target monad).lean	12626	377c506f8d6d6dea5bf3150c875302f236d2bd6c1fa56dbcf282ab9d599d58ab	-
.staging/effect-core-v1/workshop/layer/judge-E.lean	13415	cfb1f61baf002ca5565eacbfa8a3ea73c8a3fd7cb056365c7288c2a7f4cd3068	-
.staging/effect-core-v1/workshop/layer/judge-position-B.lean	13047	93abba99b09d3258985b4b258c4b7522c145b309def3ce4b74a4292299b43c37	-
.staging/effect-core-v1/workshop/layer/judge-position-D-dissolve-the-layer.lean	9976	84cf396f2a35270cea1a47b510bedccb1ef2cfebcfc546bd75b2adfd87ee6c25	-
.staging/effect-core-v1/workshop/layer/minimal.lean	29932	e0d06884fe411217aa94de3c95d841ab2f94d72307cc45308fccbf1436e3dae0	-
.staging/effect-core-v1/workshop/layer/propose-A.lean	27598	a8ff0dc5fdc9428119a9bf578ee980f9e0cf554a27a146d66df199208e625ec6	-
.staging/effect-core-v1/workshop/layer/propose-B.lean	20859	d5f790b43d1ada46746149f550ff9a65645868d88114016e76ea52e0422c81d6	-
.staging/effect-core-v1/workshop/layer/propose-C.lean	14847	b3a43ddac4a3f9d0a303330f5dca7c8d6ed342dc61d1661369441f179e41142b	-
.staging/effect-core-v1/workshop/layer/propose-D.lean	20969	a133065116f89ba3e88f5344f4534bf03f61f86949fadd255f89b91fcaa8fbc4	-
.staging/effect-core-v1/workshop/layer/propose-E.lean	18898	b8b51afed3b457b9109b6dcec3544a8d1cc7f052e288a824d7dd8152f4f5ff16	-
.staging/effect-core-v1/workshop/s1/T001.lean	29140	608ef8b1d320c56f0c7b5b98d415414088cdb71d783098e4f7c2443a3eca2de9	-
.staging/effect-core-v1/workshop/s1/T002.lean	38405	951fc8b88940079251fd143975d453cee8f23077572c04e07754144e0039fb41	-
.staging/effect-core-v1/workshop/s1/T003.lean	45136	57a15beccc554ed52d4193130d5d382341d91590c6bf2bdac3da3ebd25e59f1c	-
.staging/effect-core-v1/workshop/s1/T003E.lean	19417	419911395e420acbe9498b11651b6f4de7a22ff07c3fc25d55f945104ec37027	-
.staging/effect-core-v1/workshop/s1/T004.lean	28891	588a75016e456b4ec6273ad59ef5529d36769b61dd7ecafc3243e937d6a163e8	-
.staging/effect-core-v1/workshop/s1/T004RW.lean	49399	6464a8520e1bb6c71b2a418d0be781b53b39a9a75ee26d02707209b167a270b2	-
.staging/effect-core-v1/workshop/s1/T004S.lean	32140	61ee65ea29b4d86e7fa2c0b8d836eb86b57af620804a2851caed975486d5158f	-
.staging/effect-core-v1/workshop/s1/T004X.lean	32581	49acc2011d9d22792cef6f13af8cabcc4252beca2b772a19c8f3083e531484b4	-
.staging/effect-core-v1/workshop/s1/T005.lean	26772	6d8b08801875432e18745474e796b6e083d8a9b23e190cd7cdce1b9bc2c38a41	-
.staging/effect-core-v1/workshop/s1/T006.lean	29259	3f726ed36f7e7a9cb9e727546b5301bb89f40a7a1924c164a61eb58b3cb54335	-
.staging/effect-core-v1/workshop/s1/T007.lean	41271	ed4b6586bfc3c12af953d4dd1394b846f633ddbf5653a40be6982b6af00fe9ea	-
.staging/effect-core-v1/workshop/s1/T008.lean	56976	bf450bd4ed6cd582b576b936c95bdc99b5df35a82c042f4cc13ac25d805be6fc	-
.staging/effect-core-v1/workshop/s1/T009.lean	68588	ed5f976c8a8070a6f64940da9c296906bdabb0cd5def7508fae8d8b6d87bead3	-
.staging/effect-core-v1/workshop/s1/attack-T001.lean	23619	b86be9103011a3178895540a559684a6e4a11e9ddd2cf2d62f38e5dc517b32e0	-
.staging/effect-core-v1/workshop/s1/attack-T002.lean	29910	20afeb9b7a90121e86af5cee1dc1e7338b96e8ea678af4c8480c062f2fb9dddf	-
.staging/effect-core-v1/workshop/s1/attack-T003.lean	20507	5dc3e412ec19dead8b5befac9d78cab4f6c4ac5bc02af09d977f932d8c85b2f2	-
.staging/effect-core-v1/workshop/s1/attack-T003E.lean	16336	a53e8fb85565a6996788902c3b59ff7a05107cc78cd76f1b1c8c11060d13d9fb	-
.staging/effect-core-v1/workshop/s1/attack-T004.lean	21266	fbca2a364d74169caf67ff1175f951a6ee51233b6b24677bda02f1d1d04ac07b	-
.staging/effect-core-v1/workshop/s1/attack-T004RW.lean	35435	6201f739477a9579e07dea2cbfa92c83dfb09a9d4e662a0a24ba18d468af00e9	-
.staging/effect-core-v1/workshop/s1/attack-T004S.lean	19680	a0fa917531b0f775890fb5f1cdecad75d6475e2d5e361d8616972dc890f4852c	-
.staging/effect-core-v1/workshop/s1/attack-T004X.lean	26106	c5c9b718a87cc7f25ff823122a577db5fe8b1da4b7336c4ee2d56552b6876786	-
.staging/effect-core-v1/workshop/s1/attack-T005.lean	23420	780f83bc5a3c4c5413e34f57589fd87e0014ea378b9ea7ebf187403dd1b4eb8e	-
.staging/effect-core-v1/workshop/s1/attack-T006.lean	31543	de20bd3f1e2921f0b879e0d33b16f04bc55e55c54b03fa3bc7023543d010946f	-
.staging/effect-core-v1/workshop/s1/attack-T007.lean	33933	f416076386777e5114cf9b4a590209648905d27020ac87a4a070b7e89ae3abdd	-
.staging/effect-core-v1/workshop/s1/attack-T008.lean	34005	15f60016e539b4d533aa2a2f996a329e4f21eb8e9f8176a7ae862ace799b96c6	-
.staging/effect-core-v1/workshop/s1/attack-T009.lean	62585	e2003b1dded6aaaddae10226bf9624bcafd40af41d0fbfc813822c27feaaa07c	-
.staging/effect-core-v1/workshop/s1/scout-T001.lean	10315	b6c8054789b1d895e9cfdf89fff73082beafb7fcb858999199d51ecf03e25a5f	-
.staging/effect-core-v1/workshop/s1/scout-T002.lean	8843	f343abc8f6ba88b9e078690327f9c485b63702b14930cc0b176c6a3744b6aa9b	-
.staging/effect-core-v1/workshop/s1/scout-T003.lean	17988	0c43947784712a0c82d25c7c662b90d2bb6b98f29d69c5b5bc794bcc55eedd4a	-
.staging/effect-core-v1/workshop/s1/scout-T003E.lean	14664	fdfc44e7cd47222d7e833c6dc1dc07fba06fc004c0ebe76a1ea0f172861039ee	-
.staging/effect-core-v1/workshop/s1/scout-T004.lean	14143	623b3b6276c502c6f5c8f8bec5040e80648fd31503250d4d73f9f24408a84cf7	-
.staging/effect-core-v1/workshop/s1/scout-T004RW.lean	25093	38c644326a750f30222237e6fb9dfd6f020172320086abe462a8a40b69fece82	-
.staging/effect-core-v1/workshop/s1/scout-T004S.lean	15598	726bde5e0e4f2a8cd24df30793f28259f01b5e348d5f956218372a1c1ba8f280	-
.staging/effect-core-v1/workshop/s1/scout-T004X.lean	23025	305ce2745e11b190818ef1497f44ed534c82bc80e82c89d97c9d39d2792d8df6	-
.staging/effect-core-v1/workshop/s1/scout-T005.lean	11680	9478e85249068edc31ec70e68324e4be3567951932a089716157fa9728991dd7	-
.staging/effect-core-v1/workshop/s1/scout-T006.lean	12612	a7d9b1ae7cf3e5f9d62280c47b215d8f5e87c6454aec2679838854d9026ea87d	-
.staging/effect-core-v1/workshop/s1/scout-T007.lean	14276	eb567d16df66a511133bd6ab798d817afe85cc9bce6944da37986741292f1a82	-
.staging/effect-core-v1/workshop/s1/scout-T008.lean	25882	6199f522633d22c8aec551af43078cc87d52b16dbb26d2a2af0a2bde33f14967	-
.staging/effect-core-v1/workshop/s1/scout-T009.lean	34197	e41bc78d3fed3ba1b5a97a5bc1d38789f7ee71e577743e188b84b568e716d665	-
.staging/effect-core-v1/workshop/s2/T010.lean	55330	c993e725e751d0a3115110144a4260ddfc5e7178a4e33e4a68d56753a7920eac	-
.staging/effect-core-v1/workshop/s2/T011.lean	37701	2705a4eefb0a76e7774676e0d952978ad393dfa8b057529295a7aa5355952537	-
.staging/effect-core-v1/workshop/s2/T012.lean	38019	0437fa8d00005f7b11fdbb56c5a876b5f5e517657bab858c8d598d98305825dd	-
.staging/effect-core-v1/workshop/s2/T013.lean	42338	e5ce35dfa3b6f6b5a326caae3f44d827ed4ede5b49831d728b847c3eeaec5bce	-
.staging/effect-core-v1/workshop/s2/T014.lean	39015	90f345e3878b7ff731a13d47b07b92768790f6efee9c30de83cff0835158a778	-
.staging/effect-core-v1/workshop/s2/T015.lean	34260	9279077aa4125f1c97e0aef19598f5d0478949fbf7b7197081adb1a24788d379	-
.staging/effect-core-v1/workshop/s2/T016.lean	25574	a9c0ab063152c20bbf9652769abc610c73ce74a8707fe50c4985ae61d52a1394	-
.staging/effect-core-v1/workshop/s2/T017.lean	48514	97e08c766717a09c9580c624dfb8a22a7bcdac3e219f45175f29e67f7fc2aa61	-
.staging/effect-core-v1/workshop/s2/attack-EC1-T010.lean	61191	ca24aa4954c3e35be4f1386e259ab4881b44cfc84899fb795d31ed811d4d1ffd	-
.staging/effect-core-v1/workshop/s2/attack-EC1-T011.lean	51008	19ea91a8c0d6d9c35a39177d64a273c527c301b440c4874991f4d234c1433cf2	-
.staging/effect-core-v1/workshop/s2/attack-EC1-T012.lean	36329	414aef9a43de48359801d74282a8b2072db3416852b9325c631ccdefa3606b93	-
.staging/effect-core-v1/workshop/s2/attack-EC1-T013.lean	48174	9494cbb157e090221b067b16478f48191998df9757ba7c71743ce5d2c8d270fd	-
.staging/effect-core-v1/workshop/s2/attack-EC1-T014.lean	33294	e44339330e05ba65977c3685e03a261e29fa0d6d4930f725d8504ab53a0cfbc4	-
.staging/effect-core-v1/workshop/s2/attack-EC1-T015.lean	14509	fedecdd398ea747bf7491c6d42ca035ba79b7d86ba4d927cffc7bd2105cbfd45	-
.staging/effect-core-v1/workshop/s2/attack-EC1-T016.lean	28422	312e4012ca708c1dc33cde508ef94e4af7553b3a08ee46accbdabf9605d81ce4	-
.staging/effect-core-v1/workshop/s2/attack-T017.lean	68513	0de608a77a8fe7fb83b4a0d2b54ef92749fc3c924ef5785572a9b813a52b7b7a	-
.staging/effect-core-v1/workshop/s2/scout-T010.lean	18702	0d6249e16babab537b7fdb51aed0bbe2705f68b9a7c3938378a70690eef684d3	-
.staging/effect-core-v1/workshop/s2/scout-T011.lean	20676	c7f373211c99221e51e0fb37ad40f7912bc49a0d518dfa131f5b8975a787b08d	-
.staging/effect-core-v1/workshop/s2/scout-T012.lean	21631	c82a30d43fcd4a96739b0e4a312e970233cfbe731d69650ef7fb883cf9c66487	-
.staging/effect-core-v1/workshop/s2/scout-T013.lean	9724	9539b343939df55b6de5dbe8a3ace7ca868a33b88579004133f651753ad63f74	-
.staging/effect-core-v1/workshop/s2/scout-T014.lean	17821	f39df791ceb1105618353e10471d5ed0408db4e6b99bed03afaa3610f05f4c14	-
.staging/effect-core-v1/workshop/s2/scout-T015.lean	18456	f99c19859d31044ed87699389ef08e20b36c3294f1690e884046a80f2e8070ed	-
.staging/effect-core-v1/workshop/s2/scout-T016.lean	18983	409313c33ab0a4836cecc73020828dea641c920233b3679ce84431dc0bf005db	-
.staging/effect-core-v1/workshop/s2/scout-T017.lean	14503	a24a8f79125134aeccf40ebc0c718fa8c2455fcff843d405b0795f8f3a4d926b	-
