== deep_clauses: one entry per `src/Effect4/Machine/Clauses.lean` theorem, evaluated on the avatar
clause	runloopTop_deferred	Clauses.lean:42	checkpoint.runloop-top	HOLDS
clause	runloopTop_idle	Clauses.lean:50	checkpoint.runloop-top	HOLDS
clause	runloopTop_clears	Clauses.lean:55	checkpoint.runloop-top	HOLDS
clause	countOp_count	Clauses.lean:61	rule.budget-per-runloop-entry	HOLDS
clause	drive_evaluate_enters	Clauses.lean:66	rule.budget-per-runloop-entry	HOLDS
clause	drive_evaluate_exited	Clauses.lean:79	rule.budget-per-runloop-entry	HOLDS
clause	drive_evaluate_running	Clauses.lean:87	rule.budget-per-runloop-entry	HOLDS
clause	yieldVerdict_default	Clauses.lean:96	scheduler.should-yield	HOLDS
clause	yieldVerdict_override	Clauses.lean:101	scheduler.should-yield	HOLDS
clause	injectYield_latched	Clauses.lean:107	rule.budget-per-runloop-entry	HOLDS
clause	injectYield_prevented	Clauses.lean:113	scheduler.prevent-yield-default	HOLDS
clause	injectYield_no_verdict	Clauses.lean:118	scheduler.should-yield	HOLDS
clause	injectYield_fires	Clauses.lean:125	rule.budget-per-runloop-entry	HOLDS
clause	iteration_injected	Clauses.lean:145	rule.budget-per-runloop-entry	HOLDS
clause	iteration_evaluates	Clauses.lean:153	rule.budget-per-runloop-entry	HOLDS
clause	Dispatcher.enqueue_same_bucket	Clauses.lean:163	scheduler.priority-buckets	HOLDS
clause	Dispatcher.enqueue_lower_priority	Clauses.lean:171	scheduler.priority-buckets	HOLDS
clause	Dispatcher.enqueue_empty	Clauses.lean:178	scheduler.priority-buckets	HOLDS
clause	Dispatcher.enqueue_arms	Clauses.lean:184	scheduler.dispatcher-arming	HOLDS
clause	Dispatcher.drain_eq	Clauses.lean:189	scheduler.run-tasks-drain-once	HOLDS
clause	Dispatcher.drain_disarms	Clauses.lean:194	scheduler.run-tasks-drain-once	HOLDS
clause	fire_unknown	Clauses.lean:197	scheduler.host-loop	HOLDS
clause	fire_eq	Clauses.lean:207	scheduler.host-loop	HOLDS
clause	RunMachine.arm_new	Clauses.lean:224	scheduler.dispatcher-arming	HOLDS
clause	RunMachine.arm_known	Clauses.lean:232	scheduler.dispatcher-arming	HOLDS
clause	RunMachine.arm_fields	Clauses.lean:239	scheduler.dispatcher-arming	HOLDS
clause	RunMachine.disarm_eq	Clauses.lean:244	scheduler.host-loop	HOLDS
clause	flushAll_idle	Clauses.lean:248	scheduler.flush	HOLDS
clause	flushAll_round	Clauses.lean:257	scheduler.flush	HOLDS
clause	flushRoot_idle	Clauses.lean:266	entry.run-sync-exit-with	HOLDS
clause	flushRoot_round	Clauses.lean:274	entry.run-sync-exit-with	HOLDS
clause	evaluatePrim_yieldNowWith	Clauses.lean:296	scheduler.yield-now-resume-guard	HOLDS
clause	drive_loop_parked	Clauses.lean:314	rule.yield-is-overloaded	NOT PORTABLE: `Cmd.loop` has no OCaml existence: `continue k` runs the fiber to its next `perform` (DIVERGENCE 2)
clause	drive_loop_continues	Clauses.lean:328	rule.yield-is-overloaded	NOT PORTABLE: `Cmd.loop` has no OCaml existence (DIVERGENCE 2)
clause	evaluatePrim_sync_answers	Clauses.lean:343	op.Sync	HOLDS
clause	evaluatePrim_sync_pure	Clauses.lean:357	op.Sync	NOT PORTABLE: every `SyncOp` of the avatar's alphabet is a store step (`sync_op_step` is total on `sync_op`, `Stores.lean:1160`), so the pure `syncValue` fallback has no instance; the `deliver` it shares is checked by `settle_answered`
clause	settle_answered	Clauses.lean:369	op.Sync	HOLDS
clause	settle_finished	Clauses.lean:377	rule.children-interrupted-after-exit	HOLDS
clause	drive_loop_answered	Clauses.lean:385	op.Sync	NOT PORTABLE: `Cmd.loop` and `Cmd.deliver` have no OCaml existence (DIVERGENCE 2): the answered iteration is the store arm's `drive [CdrainDue]; deliver`, checked by `evaluatePrim_sync_answers` and `settle_answered`
clause	drive_deliver	Clauses.lean:400	op.Sync	HOLDS
clause	drive_finish	Clauses.lean:412	fork.child	HOLDS
clause	drive_resume_wrong_token	Clauses.lean:424	scheduler.yield-now-resume-guard	HOLDS
clause	drive_resume_guard	Clauses.lean:434	scheduler.yield-now-resume-guard	HOLDS
clause	drive_resume_not_parked	Clauses.lean:448	scheduler.yield-now-resume-guard	HOLDS
clause	interruptRecord_exited	Clauses.lean:458	interrupt.unsafe-entry	HOLDS
clause	interruptRecord_records	Clauses.lean:476	rule.record-and-apply-separate	HOLDS
clause	interruptRecord_accumulates	Clauses.lean:487	interrupt.accumulate	HOLDS
clause	interruptRecord_running_defers	Clauses.lean:500	rule.record-and-apply-separate	HOLDS
clause	interruptRecord_idle_applies	Clauses.lean:512	rule.record-and-apply-separate	HOLDS
clause	interruptRecord_masked	Clauses.lean:526	rule.record-and-apply-separate	HOLDS
clause	interruptRecord_parked_applies	Clauses.lean:541	checkpoint.post-yield-cancel	HOLDS
clause	spawn_eq	Clauses.lean:569	fork.unsafe	HOLDS
clause	spawnChild_fields	Clauses.lean:580	fork.unsafe	HOLDS
clause	spawn_daemon_untracked	Clauses.lean:596	rule.only-fork-child-tracks	HOLDS
clause	start_eq	Clauses.lean:605	rule.start-is-asymmetric	HOLDS
clause	runFork_eq	Clauses.lean:616	entry.run-fork-with	HOLDS
clause	evaluatePrim_join_done	Clauses.lean:630	fork.join	HOLDS
clause	evaluatePrim_join_live	Clauses.lean:646	fork.await	HOLDS
clause	evaluatePrim_join_unknown	Clauses.lean:665	fork.join	HOLDS
clause	withFiber_snapshotChildren	Clauses.lean:678	fork.await-all-children	HOLDS
clause	withFiber_awaitNewChildren	Clauses.lean:686	fork.await-all-children	HOLDS
clause	withFiber_runIn	Clauses.lean:698	fork.fiber-run-in	HOLDS
clause	linkScope_closed	Clauses.lean:711	fork.fiber-run-in	HOLDS
clause	linkScope_unknown	Clauses.lean:724	fork.fiber-run-in	HOLDS
clause	runCallback_eq	Clauses.lean:735	entry.run-callback-with	HOLDS
clause	fireObserver_callback	Clauses.lean:748	entry.run-callback-with	HOLDS
clause	stepDecision_abort	Clauses.lean:756	entry.abort-signal	HOLDS
clause	runSyncExit_exited	Clauses.lean:771	entry.run-sync-exit-with	HOLDS
clause	runSyncExit_survives	Clauses.lean:783	entry.async-fiber-error	HOLDS
clause	promiseOutcome_eq	Clauses.lean:793	entry.run-promise-exit-with	HOLDS
clause	promiseOutcome_failure	Clauses.lean:799	entry.run-promise-with	HOLDS
clause	fiber?_emit	Clauses.lean:814		HOLDS
clause	race?_emit	Clauses.lean:817		HOLDS
clause	state_emit	Clauses.lean:820		HOLDS
clause	stuck_emit	Clauses.lean:823		HOLDS
clause	interruptEach_nil	Clauses.lean:833	fork.interrupt-all	HOLDS
clause	interruptEach_cons	Clauses.lean:841	fork.interrupt-all	HOLDS
clause	interruptEach_known	Clauses.lean:856	fork.interrupt-all	HOLDS
clause	exitFiber_eq	Clauses.lean:907	rule.children-interrupted-after-exit	HOLDS
clause	exitFiber_no_middleware	Clauses.lean:916	fork.child	HOLDS
clause	exitFiber_no_children	Clauses.lean:925	fork.detach	HOLDS
clause	exitFiber_finalizing	Clauses.lean:935		HOLDS
clause	exitFiber_children	Clauses.lean:943	rule.children-interrupted-after-exit	HOLDS
clause	exitStore_fiber	Clauses.lean:952	fork.child	HOLDS
clause	exitStore_fields	Clauses.lean:957	fork.child	HOLDS
clause	exitStore_fires	Clauses.lean:973	fork.child	HOLDS
clause	exitInterruptChildren_eq	Clauses.lean:982	rule.children-interrupted-after-exit	HOLDS
clause	exitInterruptChildren_interrupts	Clauses.lean:993	fork.detach	HOLDS
clause	countdownPark_finalizing	Clauses.lean:999		HOLDS
clause	exitInterruptChildren_finalizing	Clauses.lean:1010	rule.children-interrupted-after-exit	HOLDS
clause	resumePrim_continueWith	Clauses.lean:1018	rule.children-interrupted-after-exit	HOLDS
clause	stepDecision_installMiddleware	Clauses.lean:1025	fork.child	HOLDS
clause	fireObserver_resumeAwait	Clauses.lean:1032	fork.child	HOLDS
clause	fireObserver_untrackChild	Clauses.lean:1041	rule.only-fork-child-tracks	HOLDS
clause	fireObserver_dropScopeFinalizer	Clauses.lean:1050	fork.in	HOLDS
clause	countdownWalk_nil	Clauses.lean:1060	fork.await-all-children	HOLDS
clause	countdownWalk_exited	Clauses.lean:1065	fork.await-all-children	HOLDS
clause	countdownWalk_live	Clauses.lean:1073	fork.await-all-children	HOLDS
clause	countdownPark_none_live	Clauses.lean:1081	fork.await-all-children	HOLDS
clause	countdownPark_parks	Clauses.lean:1094	fork.await-all-children	HOLDS
clause	fireObserver_countdown_done	Clauses.lean:1113	fork.await-all-children	HOLDS
clause	fireObserver_countdown_next	Clauses.lean:1132	fork.await-all-children	HOLDS
clause	settleRace_eq	Clauses.lean:1164	fork.race-all	HOLDS
clause	fireObserver_raceCallback_settles	Clauses.lean:1173	fork.race-all	HOLDS
clause	fireObserver_raceCallback_late	Clauses.lean:1190	fork.race-all	HOLDS
clause	fireObserver_raceCallback_pending	Clauses.lean:1202	fork.race-all	HOLDS
clause	drive_launch_done	Clauses.lean:1215	fork.race-all	HOLDS
clause	drive_launch_exhausted	Clauses.lean:1225	fork.race-all	HOLDS
clause	drive_launch_runs	Clauses.lean:1235	fork.race-all	HOLDS
clause	drive_link	Clauses.lean:1254	fork.in	HOLDS
clause	withFiber_fork	Clauses.lean:1266	fork.child	HOLDS
clause	withFiber_forkIn	Clauses.lean:1281	fork.in	HOLDS
clause	withFiber_forkScoped_ambient	Clauses.lean:1295	fork.scoped	NOT PORTABLE: `χ = unit`: the avatar's context carries no ambient `Scope` service (A0 §18), so the `_ambient` arm has no instance
clause	withFiber_forkScoped_none	Clauses.lean:1313	fork.scoped	HOLDS
clause	linkScope_open	Clauses.lean:1325	fork.in	HOLDS
clause	linkScope_open_exited	Clauses.lean:1340	fork.fiber-run-in	HOLDS
clause	withFiber_closeScope	Clauses.lean:1352	scope.close-sequential	HOLDS
clause	withFiber_closeScope_unknown	Clauses.lean:1362	scope.close-sequential	HOLDS
clause	withFiber_interrupt	Clauses.lean:1372	fork.interrupt	HOLDS
clause	withFiber_interruptScoped_self	Clauses.lean:1380	fork.interrupt	HOLDS
clause	withFiber_interruptScoped_other	Clauses.lean:1389	fork.interrupt	HOLDS
clause	interruptThenJoin_eq	Clauses.lean:1399	fork.interrupt	HOLDS
clause	interruptThenJoin_unknown	Clauses.lean:1413	fork.interrupt	HOLDS
clause	withFiber_interruptAll	Clauses.lean:1423	fork.interrupt-all	HOLDS
clause	launchEntrant_eq	Clauses.lean:1439	rule.only-fork-child-tracks	HOLDS
clause	withFiber_raceAll	Clauses.lean:1452	fork.race-all	HOLDS
clause	withFiber_dropObservers	Clauses.lean:1472	fork.await	HOLDS
clause	withFiber_cancelRace	Clauses.lean:1487	fork.race-all	HOLDS
clause	withFiber_cancelRace_unknown	Clauses.lean:1502	fork.race-all	HOLDS
clause	evaluatePrim_async_immediate	Clauses.lean:1512	op.Async	HOLDS
clause	evaluatePrim_async_parks	Clauses.lean:1530	op.Async	HOLDS
clauses	131	holds	126	fails	0	not-portable	5
environment-clause	Env.hooks_empty	HOLDS

== deep_witnesses: one entry per `src/Effect4/Machine/Witnesses.lean` theorem, run through the avatar
witness	w1_deferred_join_parent	Witnesses.lean:290	rows	
  statement	HOLDS
  sweep	20 step clauses over every event	all hold
witness	w1_deferred_join_child	Witnesses.lean:294	rows	fork.child
  statement	HOLDS
  clause	Effect4.Machine.drive_finish	HOLDS (pure, evaluated once above)
  clause	Effect4.Machine.exitFiber_eq	HOLDS (pure, evaluated once above)
  clause	Effect4.Machine.exitFiber_no_middleware	HOLDS (pure, evaluated once above)
  clause	Effect4.Machine.exitStore_fields	HOLDS on this run
  clause	Effect4.Machine.exitStore_fires	HOLDS on this run
  clause	Effect4.Machine.fireObserver_resumeAwait	HOLDS (pure, evaluated once above)
  clause	Effect4.Machine.stepDecision_installMiddleware	HOLDS (pure, evaluated once above)
  clause	Effect4.Machine.withFiber_fork	HOLDS (pure, evaluated once above)
  sweep	20 step clauses over every event	all hold
witness	w1_deferred_start_is_a_task	Witnesses.lean:300	rows	fork.child
  statement	HOLDS
  clause	Effect4.Machine.drive_finish	HOLDS (pure, evaluated once above)
  clause	Effect4.Machine.exitFiber_eq	HOLDS (pure, evaluated once above)
  clause	Effect4.Machine.exitFiber_no_middleware	HOLDS (pure, evaluated once above)
  clause	Effect4.Machine.exitStore_fields	HOLDS on this run
  clause	Effect4.Machine.exitStore_fires	HOLDS on this run
  clause	Effect4.Machine.fireObserver_resumeAwait	HOLDS (pure, evaluated once above)
  clause	Effect4.Machine.stepDecision_installMiddleware	HOLDS (pure, evaluated once above)
  clause	Effect4.Machine.withFiber_fork	HOLDS (pure, evaluated once above)
  sweep	20 step clauses over every event	all hold
witness	w1_immediate_join	Witnesses.lean:310	rows	
  statement	HOLDS
  sweep	20 step clauses over every event	all hold
witness	w1_await_is_a_value	Witnesses.lean:316	rows	
  statement	HOLDS
  sweep	20 step clauses over every event	all hold
witness	w1_join_is_an_effect	Witnesses.lean:322	rows	
  statement	HOLDS
  sweep	20 step clauses over every event	all hold
witness	w2_delivered_at_unmask	Witnesses.lean:348	rows	fork.interrupt
  statement	HOLDS
  clause	Effect4.Machine.interruptThenJoin_eq	HOLDS (pure, evaluated once above)
  clause	Effect4.Machine.interruptThenJoin_unknown	HOLDS (pure, evaluated once above)
  clause	Effect4.Machine.withFiber_interrupt	HOLDS (pure, evaluated once above)
  clause	Effect4.Machine.withFiber_interruptScoped_other	HOLDS (pure, evaluated once above)
  clause	Effect4.Machine.withFiber_interruptScoped_self	HOLDS (pure, evaluated once above)
  sweep	20 step clauses over every event	all hold
witness	w2_recorded_once	Witnesses.lean:352	rows	fork.interrupt
  statement	HOLDS
  clause	Effect4.Machine.interruptThenJoin_eq	HOLDS (pure, evaluated once above)
  clause	Effect4.Machine.interruptThenJoin_unknown	HOLDS (pure, evaluated once above)
  clause	Effect4.Machine.withFiber_interrupt	HOLDS (pure, evaluated once above)
  clause	Effect4.Machine.withFiber_interruptScoped_other	HOLDS (pure, evaluated once above)
  clause	Effect4.Machine.withFiber_interruptScoped_self	HOLDS (pure, evaluated once above)
  sweep	20 step clauses over every event	all hold
witness	w2_finalizer_runs_once	Witnesses.lean:355	rows	
  statement	HOLDS
  sweep	20 step clauses over every event	all hold
witness	w2_masked_interrupt_does_not_apply	Witnesses.lean:359	rows	fork.interrupt
  statement	HOLDS
  clause	Effect4.Machine.interruptThenJoin_eq	HOLDS (pure, evaluated once above)
  clause	Effect4.Machine.interruptThenJoin_unknown	HOLDS (pure, evaluated once above)
  clause	Effect4.Machine.withFiber_interrupt	HOLDS (pure, evaluated once above)
  clause	Effect4.Machine.withFiber_interruptScoped_other	HOLDS (pure, evaluated once above)
  clause	Effect4.Machine.withFiber_interruptScoped_self	HOLDS (pure, evaluated once above)
  sweep	20 step clauses over every event	all hold
witness	w3_empty_is_a_frontier	Witnesses.lean:386	rows	fork.race-all
  statement	HOLDS
  clause	Effect4.Machine.drive_launch_done	HOLDS (pure, evaluated once above)
  clause	Effect4.Machine.drive_launch_exhausted	HOLDS (pure, evaluated once above)
  clause	Effect4.Machine.drive_launch_runs	HOLDS on this run
  clause	Effect4.Machine.fireObserver_raceCallback_late	HOLDS (pure, evaluated once above)
  clause	Effect4.Machine.fireObserver_raceCallback_pending	HOLDS (pure, evaluated once above)
  clause	Effect4.Machine.fireObserver_raceCallback_settles	HOLDS on this run
  clause	Effect4.Machine.launchEntrant_eq	HOLDS (pure, evaluated once above)
  clause	Effect4.Machine.resumePrim_continueWith	HOLDS (pure, evaluated once above)
  clause	Effect4.Machine.settleRace_eq	HOLDS (pure, evaluated once above)
  clause	Effect4.Machine.withFiber_cancelRace	HOLDS (pure, evaluated once above)
  clause	Effect4.Machine.withFiber_cancelRace_unknown	HOLDS (pure, evaluated once above)
  clause	Effect4.Machine.withFiber_raceAll	HOLDS on this run
  sweep	20 step clauses over every event	all hold
witness	w3_empty_until_interrupted	Witnesses.lean:392	rows	fork.race-all
  statement	HOLDS
  clause	Effect4.Machine.drive_launch_done	HOLDS (pure, evaluated once above)
  clause	Effect4.Machine.drive_launch_exhausted	HOLDS (pure, evaluated once above)
  clause	Effect4.Machine.drive_launch_runs	HOLDS on this run
  clause	Effect4.Machine.fireObserver_raceCallback_late	HOLDS (pure, evaluated once above)
  clause	Effect4.Machine.fireObserver_raceCallback_pending	HOLDS (pure, evaluated once above)
  clause	Effect4.Machine.fireObserver_raceCallback_settles	HOLDS on this run
  clause	Effect4.Machine.launchEntrant_eq	HOLDS (pure, evaluated once above)
  clause	Effect4.Machine.resumePrim_continueWith	HOLDS (pure, evaluated once above)
  clause	Effect4.Machine.settleRace_eq	HOLDS (pure, evaluated once above)
  clause	Effect4.Machine.withFiber_cancelRace	HOLDS (pure, evaluated once above)
  clause	Effect4.Machine.withFiber_cancelRace_unknown	HOLDS (pure, evaluated once above)
  clause	Effect4.Machine.withFiber_raceAll	HOLDS on this run
  sweep	20 step clauses over every event	all hold
witness	w3_immediate_success_stops_launch	Witnesses.lean:400	rows	fork.race-all
  statement	HOLDS
  clause	Effect4.Machine.drive_launch_done	HOLDS (pure, evaluated once above)
  clause	Effect4.Machine.drive_launch_exhausted	HOLDS (pure, evaluated once above)
  clause	Effect4.Machine.drive_launch_runs	HOLDS on this run
  clause	Effect4.Machine.fireObserver_raceCallback_late	HOLDS (pure, evaluated once above)
  clause	Effect4.Machine.fireObserver_raceCallback_pending	HOLDS (pure, evaluated once above)
  clause	Effect4.Machine.fireObserver_raceCallback_settles	HOLDS on this run
  clause	Effect4.Machine.launchEntrant_eq	HOLDS (pure, evaluated once above)
  clause	Effect4.Machine.resumePrim_continueWith	HOLDS (pure, evaluated once above)
  clause	Effect4.Machine.settleRace_eq	HOLDS (pure, evaluated once above)
  clause	Effect4.Machine.withFiber_cancelRace	HOLDS (pure, evaluated once above)
  clause	Effect4.Machine.withFiber_cancelRace_unknown	HOLDS (pure, evaluated once above)
  clause	Effect4.Machine.withFiber_raceAll	HOLDS on this run
  sweep	20 step clauses over every event	all hold
witness	w3_failure_allows_next_launch	Witnesses.lean:411	rows	fork.race-all
  statement	HOLDS
  clause	Effect4.Machine.drive_launch_done	HOLDS (pure, evaluated once above)
  clause	Effect4.Machine.drive_launch_exhausted	HOLDS (pure, evaluated once above)
  clause	Effect4.Machine.drive_launch_runs	HOLDS on this run
  clause	Effect4.Machine.fireObserver_raceCallback_late	HOLDS (pure, evaluated once above)
  clause	Effect4.Machine.fireObserver_raceCallback_pending	HOLDS (pure, evaluated once above)
  clause	Effect4.Machine.fireObserver_raceCallback_settles	HOLDS on this run
  clause	Effect4.Machine.launchEntrant_eq	HOLDS (pure, evaluated once above)
  clause	Effect4.Machine.resumePrim_continueWith	HOLDS (pure, evaluated once above)
  clause	Effect4.Machine.settleRace_eq	HOLDS (pure, evaluated once above)
  clause	Effect4.Machine.withFiber_cancelRace	HOLDS (pure, evaluated once above)
  clause	Effect4.Machine.withFiber_cancelRace_unknown	HOLDS (pure, evaluated once above)
  clause	Effect4.Machine.withFiber_raceAll	HOLDS on this run
  sweep	20 step clauses over every event	all hold
witness	w3_all_failures_retain_order	Witnesses.lean:418	rows	fork.race-all
  statement	HOLDS
  clause	Effect4.Machine.drive_launch_done	HOLDS (pure, evaluated once above)
  clause	Effect4.Machine.drive_launch_exhausted	HOLDS (pure, evaluated once above)
  clause	Effect4.Machine.drive_launch_runs	HOLDS on this run
  clause	Effect4.Machine.fireObserver_raceCallback_late	HOLDS (pure, evaluated once above)
  clause	Effect4.Machine.fireObserver_raceCallback_pending	HOLDS (pure, evaluated once above)
  clause	Effect4.Machine.fireObserver_raceCallback_settles	HOLDS on this run
  clause	Effect4.Machine.launchEntrant_eq	HOLDS (pure, evaluated once above)
  clause	Effect4.Machine.resumePrim_continueWith	HOLDS (pure, evaluated once above)
  clause	Effect4.Machine.settleRace_eq	HOLDS (pure, evaluated once above)
  clause	Effect4.Machine.withFiber_cancelRace	HOLDS (pure, evaluated once above)
  clause	Effect4.Machine.withFiber_cancelRace_unknown	HOLDS (pure, evaluated once above)
  clause	Effect4.Machine.withFiber_raceAll	HOLDS on this run
  sweep	20 step clauses over every event	all hold
witness	w4_sibling_resumes	Witnesses.lean:476	rows	
  statement	HOLDS
  sweep	20 step clauses over every event	all hold
witness	w4_completion_resumes_on_the_spot	Witnesses.lean:485	rows	
  statement	HOLDS
  sweep	20 step clauses over every event	all hold
witness	w4_complete_twice_answers_false	Witnesses.lean:492	rows	
  statement	HOLDS
  sweep	20 step clauses over every event	all hold
witness	w4_interrupt_reaches_the_waiter	Witnesses.lean:497	rows	
  statement	HOLDS
  sweep	20 step clauses over every event	all hold
witness	w5_middleware_interrupts_children	Witnesses.lean:537	rows	fork.child,rule.children-interrupted-after-exit
  statement	HOLDS
  clause	Effect4.Machine.drive_finish	HOLDS (pure, evaluated once above)
  clause	Effect4.Machine.exitFiber_children	HOLDS on this run
  clause	Effect4.Machine.exitFiber_eq	HOLDS (pure, evaluated once above)
  clause	Effect4.Machine.exitFiber_finalizing	HOLDS (pure, evaluated once above)
  clause	Effect4.Machine.exitFiber_no_middleware	HOLDS (pure, evaluated once above)
  clause	Effect4.Machine.exitInterruptChildren_eq	HOLDS (pure, evaluated once above)
  clause	Effect4.Machine.exitInterruptChildren_finalizing	HOLDS on this run
  clause	Effect4.Machine.exitInterruptChildren_interrupts	HOLDS (pure, evaluated once above)
  clause	Effect4.Machine.exitStore_fields	HOLDS on this run
  clause	Effect4.Machine.exitStore_fires	HOLDS on this run
  clause	Effect4.Machine.fireObserver_resumeAwait	HOLDS (pure, evaluated once above)
  clause	Effect4.Machine.resumePrim_continueWith	HOLDS (pure, evaluated once above)
  clause	Effect4.Machine.settle_finished	HOLDS (pure, evaluated once above)
  clause	Effect4.Machine.stepDecision_installMiddleware	HOLDS (pure, evaluated once above)
  clause	Effect4.Machine.withFiber_fork	HOLDS (pure, evaluated once above)
  sweep	20 step clauses over every event	all hold
witness	w5_fork_latches_the_middleware	Witnesses.lean:547	rows	fork.detach
  statement	HOLDS
  clause	Effect4.Machine.exitFiber_no_children	HOLDS (pure, evaluated once above)
  clause	Effect4.Machine.exitInterruptChildren_eq	HOLDS (pure, evaluated once above)
  clause	Effect4.Machine.exitInterruptChildren_interrupts	HOLDS (pure, evaluated once above)
  clause	Effect4.Machine.spawnChild_fields	HOLDS (pure, evaluated once above)
  clause	Effect4.Machine.spawn_daemon_untracked	HOLDS (pure, evaluated once above)
  clause	Effect4.Machine.start_eq	HOLDS (pure, evaluated once above)
  sweep	20 step clauses over every event	all hold
witness	w5_daemon_child_survives_parent_exit	Witnesses.lean:557	rows	fork.detach
  statement	HOLDS
  clause	Effect4.Machine.exitFiber_no_children	HOLDS (pure, evaluated once above)
  clause	Effect4.Machine.exitInterruptChildren_eq	HOLDS (pure, evaluated once above)
  clause	Effect4.Machine.exitInterruptChildren_interrupts	HOLDS (pure, evaluated once above)
  clause	Effect4.Machine.spawnChild_fields	HOLDS (pure, evaluated once above)
  clause	Effect4.Machine.spawn_daemon_untracked	HOLDS (pure, evaluated once above)
  clause	Effect4.Machine.start_eq	HOLDS (pure, evaluated once above)
  sweep	20 step clauses over every event	all hold
witness	w5_await_all_children_on_failure	Witnesses.lean:583	rows	fork.await-all-children
  statement	HOLDS
  clause	Effect4.Machine.countdownPark_none_live	HOLDS (pure, evaluated once above)
  clause	Effect4.Machine.countdownPark_parks	HOLDS (pure, evaluated once above)
  clause	Effect4.Machine.countdownWalk_exited	HOLDS (pure, evaluated once above)
  clause	Effect4.Machine.countdownWalk_live	HOLDS (pure, evaluated once above)
  clause	Effect4.Machine.countdownWalk_nil	HOLDS (pure, evaluated once above)
  clause	Effect4.Machine.fireObserver_countdown_done	HOLDS (pure, evaluated once above)
  clause	Effect4.Machine.fireObserver_countdown_next	HOLDS (pure, evaluated once above)
  clause	Effect4.Machine.withFiber_awaitNewChildren	HOLDS (pure, evaluated once above)
  clause	Effect4.Machine.withFiber_snapshotChildren	HOLDS (pure, evaluated once above)
  sweep	20 step clauses over every event	all hold
witness	w5_await_all_children_awaits_only_new	Witnesses.lean:595	rows	fork.await-all-children
  statement	HOLDS
  clause	Effect4.Machine.countdownPark_none_live	HOLDS (pure, evaluated once above)
  clause	Effect4.Machine.countdownPark_parks	HOLDS (pure, evaluated once above)
  clause	Effect4.Machine.countdownWalk_exited	HOLDS (pure, evaluated once above)
  clause	Effect4.Machine.countdownWalk_live	HOLDS (pure, evaluated once above)
  clause	Effect4.Machine.countdownWalk_nil	HOLDS (pure, evaluated once above)
  clause	Effect4.Machine.fireObserver_countdown_done	HOLDS (pure, evaluated once above)
  clause	Effect4.Machine.fireObserver_countdown_next	HOLDS (pure, evaluated once above)
  clause	Effect4.Machine.withFiber_awaitNewChildren	HOLDS (pure, evaluated once above)
  clause	Effect4.Machine.withFiber_snapshotChildren	HOLDS (pure, evaluated once above)
  sweep	20 step clauses over every event	all hold
witness	w6_link_then_close	Witnesses.lean:651	rows	fork.in
  statement	HOLDS
  clause	Effect4.Machine.drive_link	HOLDS (pure, evaluated once above)
  clause	Effect4.Machine.fireObserver_dropScopeFinalizer	HOLDS (pure, evaluated once above)
  clause	Effect4.Machine.linkScope_closed	HOLDS (pure, evaluated once above)
  clause	Effect4.Machine.linkScope_open	HOLDS (pure, evaluated once above)
  clause	Effect4.Machine.withFiber_closeScope	HOLDS (pure, evaluated once above)
  clause	Effect4.Machine.withFiber_forkIn	HOLDS on this run
  sweep	20 step clauses over every event	all hold
witness	w6_close_interrupt_carries_closer_annotations	Witnesses.lean:664	rows	
  statement	HOLDS
  sweep	20 step clauses over every event	all hold
witness	w6_closed_scope_interrupts_now	Witnesses.lean:680	rows	fork.in
  statement	HOLDS
  clause	Effect4.Machine.drive_link	HOLDS (pure, evaluated once above)
  clause	Effect4.Machine.fireObserver_dropScopeFinalizer	HOLDS (pure, evaluated once above)
  clause	Effect4.Machine.linkScope_closed	HOLDS (pure, evaluated once above)
  clause	Effect4.Machine.linkScope_open	HOLDS (pure, evaluated once above)
  clause	Effect4.Machine.withFiber_closeScope	HOLDS (pure, evaluated once above)
  clause	Effect4.Machine.withFiber_forkIn	HOLDS on this run
  sweep	20 step clauses over every event	all hold
witness	w6_runIn_closed_scope_uses_no_caller_annotations	Witnesses.lean:690	rows	fork.fiber-run-in
  statement	HOLDS
  clause	Effect4.Machine.linkScope_closed	HOLDS (pure, evaluated once above)
  clause	Effect4.Machine.linkScope_open	HOLDS (pure, evaluated once above)
  clause	Effect4.Machine.linkScope_open_exited	HOLDS (pure, evaluated once above)
  clause	Effect4.Machine.linkScope_unknown	HOLDS (pure, evaluated once above)
  clause	Effect4.Machine.withFiber_runIn	HOLDS (pure, evaluated once above)
  sweep	20 step clauses over every event	all hold
witness	w6_child_exit_drops_key	Witnesses.lean:700	rows	fork.in
  statement	HOLDS
  clause	Effect4.Machine.drive_link	HOLDS (pure, evaluated once above)
  clause	Effect4.Machine.fireObserver_dropScopeFinalizer	HOLDS (pure, evaluated once above)
  clause	Effect4.Machine.linkScope_closed	HOLDS (pure, evaluated once above)
  clause	Effect4.Machine.linkScope_open	HOLDS (pure, evaluated once above)
  clause	Effect4.Machine.withFiber_closeScope	HOLDS (pure, evaluated once above)
  clause	Effect4.Machine.withFiber_forkIn	HOLDS on this run
  sweep	20 step clauses over every event	all hold
witness	w6_deferred_child_is_linked	Witnesses.lean:718	rows	fork.in
  statement	HOLDS
  clause	Effect4.Machine.drive_link	HOLDS (pure, evaluated once above)
  clause	Effect4.Machine.fireObserver_dropScopeFinalizer	HOLDS (pure, evaluated once above)
  clause	Effect4.Machine.linkScope_closed	HOLDS (pure, evaluated once above)
  clause	Effect4.Machine.linkScope_open	HOLDS (pure, evaluated once above)
  clause	Effect4.Machine.withFiber_closeScope	HOLDS (pure, evaluated once above)
  clause	Effect4.Machine.withFiber_forkIn	HOLDS on this run
  sweep	20 step clauses over every event	all hold
witness	w6_self_interruptor_skipped	Witnesses.lean:727	rows	fork.interrupt
  statement	HOLDS
  clause	Effect4.Machine.interruptThenJoin_eq	HOLDS (pure, evaluated once above)
  clause	Effect4.Machine.interruptThenJoin_unknown	HOLDS (pure, evaluated once above)
  clause	Effect4.Machine.withFiber_interrupt	HOLDS (pure, evaluated once above)
  clause	Effect4.Machine.withFiber_interruptScoped_other	HOLDS (pure, evaluated once above)
  clause	Effect4.Machine.withFiber_interruptScoped_self	HOLDS (pure, evaluated once above)
  sweep	20 step clauses over every event	all hold
witness	w6_sequential_captures_and_merges	Witnesses.lean:758	rows	scope.close-sequential
  statement	HOLDS
  clause	Effect4.Machine.closeSeqChain_captures	not transferred (not a `Clauses.lean` theorem)
  clause	Effect4.Machine.closeSeqChain_order	not transferred (not a `Clauses.lean` theorem)
  clause	Effect4.Machine.withFiber_closeScope	HOLDS (pure, evaluated once above)
  clause	Effect4.Machine.withFiber_closeScope_unknown	HOLDS (pure, evaluated once above)
  sweep	20 step clauses over every event	all hold
witness	w6_parallel_forks_and_merges	Witnesses.lean:766	rows	scope.close-parallel,scope.close-merge
  statement	HOLDS
  clause	Effect4.Machine.closeParChain_awaits_all	not transferred (not a `Clauses.lean` theorem)
  clause	Effect4.Machine.closeParChain_forks_immediate_daemon	not transferred (not a `Clauses.lean` theorem)
  clause	Effect4.Machine.closeSeqChain_merges	not transferred (not a `Clauses.lean` theorem)
  clause	Effect4.Machine.fireObserver_countdown_done	HOLDS (pure, evaluated once above)
  clause	Effect4.Machine.fireObserver_countdown_next	HOLDS (pure, evaluated once above)
  clause	Effect4.Machine.spawnChild_fields	HOLDS (pure, evaluated once above)
  clause	Effect4.Machine.withFiber_fork	HOLDS (pure, evaluated once above)
  sweep	20 step clauses over every event	all hold
witness	w10_program_masks_its_own_fiber	Witnesses.lean:803	rows	
  statement	HOLDS
  sweep	20 step clauses over every event	all hold
witness	w10_into_completes_on_failure	Witnesses.lean:818	rows	
  statement	HOLDS
  sweep	20 step clauses over every event	all hold
witness	w11_cancel_splices_the_waiter	Witnesses.lean:851	rows	
  statement	HOLDS
  sweep	20 step clauses over every event	all hold
witness	w12_awaitAll_answers_the_exits	Witnesses.lean:873	rows	fork.await-all-children,scope.close-merge
  statement	HOLDS
  clause	Effect4.Machine.closeParChain_awaits_all	not transferred (not a `Clauses.lean` theorem)
  clause	Effect4.Machine.closeSeqChain_merges	not transferred (not a `Clauses.lean` theorem)
  clause	Effect4.Machine.countdownPark_none_live	HOLDS (pure, evaluated once above)
  clause	Effect4.Machine.countdownPark_parks	HOLDS (pure, evaluated once above)
  clause	Effect4.Machine.countdownWalk_exited	HOLDS (pure, evaluated once above)
  clause	Effect4.Machine.countdownWalk_live	HOLDS (pure, evaluated once above)
  clause	Effect4.Machine.countdownWalk_nil	HOLDS (pure, evaluated once above)
  clause	Effect4.Machine.fireObserver_countdown_done	HOLDS (pure, evaluated once above)
  clause	Effect4.Machine.fireObserver_countdown_next	HOLDS (pure, evaluated once above)
  clause	Effect4.Machine.withFiber_awaitNewChildren	HOLDS (pure, evaluated once above)
  clause	Effect4.Machine.withFiber_snapshotChildren	HOLDS (pure, evaluated once above)
  sweep	20 step clauses over every event	all hold
witness	w12_awaitAll_input_order	Witnesses.lean:906	rows	fork.await-all-children
  statement	HOLDS
  clause	Effect4.Machine.countdownPark_none_live	HOLDS (pure, evaluated once above)
  clause	Effect4.Machine.countdownPark_parks	HOLDS (pure, evaluated once above)
  clause	Effect4.Machine.countdownWalk_exited	HOLDS (pure, evaluated once above)
  clause	Effect4.Machine.countdownWalk_live	HOLDS (pure, evaluated once above)
  clause	Effect4.Machine.countdownWalk_nil	HOLDS (pure, evaluated once above)
  clause	Effect4.Machine.fireObserver_countdown_done	HOLDS (pure, evaluated once above)
  clause	Effect4.Machine.fireObserver_countdown_next	HOLDS (pure, evaluated once above)
  clause	Effect4.Machine.withFiber_awaitNewChildren	HOLDS (pure, evaluated once above)
  clause	Effect4.Machine.withFiber_snapshotChildren	HOLDS (pure, evaluated once above)
  sweep	20 step clauses over every event	all hold
witness	w13_unknown_scope_is_stuck	Witnesses.lean:932	rows	
  statement	HOLDS
  sweep	20 step clauses over every event	all hold
witness	w13_unknown_link_is_stuck	Witnesses.lean:940	rows	
  statement	HOLDS
  sweep	20 step clauses over every event	all hold
witness	w7_set_answers_the_cell	Witnesses.lean:972	rows	
  statement	HOLDS
  sweep	20 step clauses over every event	all hold
witness	w7_update_answers_void	Witnesses.lean:978	rows	
  statement	HOLDS
  sweep	20 step clauses over every event	all hold
witness	w7_modify_some_writes_back_the_read	Witnesses.lean:984	rows	
  statement	HOLDS
  sweep	20 step clauses over every event	all hold
witness	w7_update_some_and_get_rereads	Witnesses.lean:991	rows	
  statement	HOLDS
  sweep	20 step clauses over every event	all hold
witness	w8_sync_exit_async_fiber_error	Witnesses.lean:1025	rows	
  statement	HOLDS
  sweep	20 step clauses over every event	all hold
witness	w8_sync_child_yield_is_async	Witnesses.lean:1032	rows	entry.run-sync-exit-with,entry.async-fiber-error
  statement	HOLDS
  clause	Effect4.Machine.flushRoot_idle	HOLDS (pure, evaluated once above)
  clause	Effect4.Machine.flushRoot_round	HOLDS (pure, evaluated once above)
  clause	Effect4.Machine.runSyncExit_exited	HOLDS (pure, evaluated once above)
  clause	Effect4.Machine.runSyncExit_survives	HOLDS (pure, evaluated once above)
  sweep	20 step clauses over every event	all hold
witness	w8_sync_exit_value	Witnesses.lean:1041	rows	
  statement	HOLDS
  sweep	20 step clauses over every event	all hold
witness	w8_callback_fires	Witnesses.lean:1044	rows	
  statement	HOLDS
  sweep	20 step clauses over every event	all hold
witness	w8_promise_squashes	Witnesses.lean:1047	rows	
  statement	HOLDS
  sweep	20 step clauses over every event	all hold
witness	w15_flush_runs_callbacks_in_arming_order	Witnesses.lean:1089	rows	scheduler.dispatcher-arming,scheduler.flush
  statement	HOLDS
  clause	Effect4.Machine.Dispatcher.drain_disarms	HOLDS (pure, evaluated once above)
  clause	Effect4.Machine.Dispatcher.enqueue_arms	HOLDS on this run
  clause	Effect4.Machine.RunMachine.arm_fields	HOLDS (pure, evaluated once above)
  clause	Effect4.Machine.RunMachine.arm_known	HOLDS (pure, evaluated once above)
  clause	Effect4.Machine.RunMachine.arm_new	HOLDS (pure, evaluated once above)
  clause	Effect4.Machine.flushAll_idle	HOLDS (pure, evaluated once above)
  clause	Effect4.Machine.flushAll_round	HOLDS (pure, evaluated once above)
  sweep	20 step clauses over every event	all hold
witness	w13_completion_pop_sees_the_waiter_interrupt	Witnesses.lean:1147	rows	op.Sync,checkpoint.getcont-deferred,deferred.completion-order
  statement	HOLDS
  clause	Effect4.Machine.deferredStore_complete_pending	not transferred (not a `Clauses.lean` theorem)
  clause	Effect4.Machine.drive_deliver	HOLDS (pure, evaluated once above)
  clause	Effect4.Machine.drive_loop_answered	NOT PORTABLE: `Cmd.loop` and `Cmd.deliver` have no OCaml existence (DIVERGENCE 2): the answered iteration is the store arm's `drive [CdrainDue]; deliver`, checked by `evaluatePrim_sync_answers` and `settle_answered`
  clause	Effect4.Machine.evaluatePrim_sync_answers	HOLDS (pure, evaluated once above)
  clause	Effect4.Machine.evaluatePrim_sync_pure	NOT PORTABLE: every `SyncOp` of the avatar's alphabet is a store step (`sync_op_step` is total on `sync_op`, `Stores.lean:1160`), so the pure `syncValue` fallback has no instance; the `deliver` it shares is checked by `settle_answered`
  clause	Effect4.Machine.settle_answered	HOLDS (pure, evaluated once above)
  sweep	20 step clauses over every event	all hold
witness	w13_sync_meets_the_finalizer_program	Witnesses.lean:1160	rows	op.Sync,frame-arm.OnExit
  statement	HOLDS
  clause	Effect4.Machine.drive_deliver	HOLDS (pure, evaluated once above)
  clause	Effect4.Machine.drive_loop_answered	NOT PORTABLE: `Cmd.loop` and `Cmd.deliver` have no OCaml existence (DIVERGENCE 2): the answered iteration is the store arm's `drive [CdrainDue]; deliver`, checked by `evaluatePrim_sync_answers` and `settle_answered`
  clause	Effect4.Machine.evaluatePrim_sync_answers	HOLDS (pure, evaluated once above)
  clause	Effect4.Machine.evaluatePrim_sync_pure	NOT PORTABLE: every `SyncOp` of the avatar's alphabet is a store step (`sync_op_step` is total on `sync_op`, `Stores.lean:1160`), so the pure `syncValue` fallback has no instance; the `deliver` it shares is checked by `settle_answered`
  clause	Effect4.Machine.settle_answered	HOLDS (pure, evaluated once above)
  sweep	20 step clauses over every event	all hold
witness	w14_join_cleanup_drops_the_observer	Witnesses.lean:1190	rows	op.AsyncFinalizer,checkpoint.post-yield-cancel,fork.join,fork.await
  statement	HOLDS
  clause	Effect4.Machine.evaluatePrim_join_done	HOLDS (pure, evaluated once above)
  clause	Effect4.Machine.evaluatePrim_join_live	HOLDS on this run
  clause	Effect4.Machine.evaluatePrim_join_unknown	HOLDS (pure, evaluated once above)
  clause	Effect4.Machine.interruptRecord_parked_applies	HOLDS (pure, evaluated once above)
  clause	Effect4.Machine.withFiber_dropObservers	HOLDS (pure, evaluated once above)
  sweep	20 step clauses over every event	all hold
witness	w3_host_interrupt_cancels_entrants	Witnesses.lean:1218	rows	checkpoint.post-yield-cancel,fork.race-all
  statement	HOLDS
  clause	Effect4.Machine.drive_launch_done	HOLDS (pure, evaluated once above)
  clause	Effect4.Machine.drive_launch_exhausted	HOLDS (pure, evaluated once above)
  clause	Effect4.Machine.drive_launch_runs	HOLDS on this run
  clause	Effect4.Machine.fireObserver_raceCallback_late	HOLDS (pure, evaluated once above)
  clause	Effect4.Machine.fireObserver_raceCallback_pending	HOLDS (pure, evaluated once above)
  clause	Effect4.Machine.fireObserver_raceCallback_settles	HOLDS on this run
  clause	Effect4.Machine.interruptRecord_parked_applies	HOLDS (pure, evaluated once above)
  clause	Effect4.Machine.launchEntrant_eq	HOLDS (pure, evaluated once above)
  clause	Effect4.Machine.resumePrim_continueWith	HOLDS (pure, evaluated once above)
  clause	Effect4.Machine.settleRace_eq	HOLDS (pure, evaluated once above)
  clause	Effect4.Machine.withFiber_cancelRace	HOLDS (pure, evaluated once above)
  clause	Effect4.Machine.withFiber_cancelRace_unknown	HOLDS (pure, evaluated once above)
  clause	Effect4.Machine.withFiber_raceAll	HOLDS on this run
  sweep	20 step clauses over every event	all hold
witness	w3_settle_interrupts_the_parked_loser	Witnesses.lean:1231	rows	fork.race-all
  statement	HOLDS
  clause	Effect4.Machine.drive_launch_done	HOLDS (pure, evaluated once above)
  clause	Effect4.Machine.drive_launch_exhausted	HOLDS (pure, evaluated once above)
  clause	Effect4.Machine.drive_launch_runs	HOLDS on this run
  clause	Effect4.Machine.fireObserver_raceCallback_late	HOLDS (pure, evaluated once above)
  clause	Effect4.Machine.fireObserver_raceCallback_pending	HOLDS (pure, evaluated once above)
  clause	Effect4.Machine.fireObserver_raceCallback_settles	HOLDS on this run
  clause	Effect4.Machine.launchEntrant_eq	HOLDS (pure, evaluated once above)
  clause	Effect4.Machine.resumePrim_continueWith	HOLDS (pure, evaluated once above)
  clause	Effect4.Machine.settleRace_eq	HOLDS (pure, evaluated once above)
  clause	Effect4.Machine.withFiber_cancelRace	HOLDS (pure, evaluated once above)
  clause	Effect4.Machine.withFiber_cancelRace_unknown	HOLDS (pure, evaluated once above)
  clause	Effect4.Machine.withFiber_raceAll	HOLDS on this run
  sweep	20 step clauses over every event	all hold
witness	forbidden_observers_and_double_exit	Witnesses.lean:1242	rows	
  statement	HOLDS
  sweep	20 step clauses over every event	all hold
witness	forbidden_interrupt_while_running	Witnesses.lean:1264	rows	
  statement	HOLDS
  sweep	20 step clauses over every event	all hold
witness	forbidden_setInterruptible_as_current	Witnesses.lean:1275	rows	
  statement	NOT PORTABLE: `Prim.setInterruptible` never sits in `frame.current` here: the avatar's frame is the OCaml stack (DIVERGENCE 1) and the mask change is the `Op_set_interruptible` arm, so the forbidden step has no shape to reach
witness	forbidden_no_notImplemented_defect	Witnesses.lean:1283	rows	
  statement	HOLDS
  sweep	20 step clauses over every event	all hold
witness	forbidden_task_enqueued_during_drain	Witnesses.lean:1299	rows	
  statement	HOLDS
  sweep	20 step clauses over every event	all hold
witness	w9_next_fire_runs_it	Witnesses.lean:1305	rows	
  statement	HOLDS
  sweep	20 step clauses over every event	all hold
witness	db07_store_survives_failure	Witnesses.lean:1322	rows	
  statement	HOLDS
  sweep	20 step clauses over every event	all hold
witnesses	62	holds	61	fails	0	not-portable	1
run-clauses	holds	35	fails	0
park-guard	violations	0
